,Index,Computing machine,NumberOfFeatures,NumberOfInstances,aml60train,aml60test,aml600train,aml600test,aml1200train,aml1200test,h2o60train,h2o60test,h2o600train,h2o600test,h2o1200train,h2o1200test,tpot60train,tpot60test,tpot600train,tpot600test,tpot1200train,tpot1200test,ag60train,ag60test,ag600train,ag600test,ag1200train,ag1200test,aml60algo,aml600algo,aml1200algo,h2o60algo,h2o600algo,h2o1200algo,tpot60algo,tpot600algo,tpot1200algo,ag60algo,ag600algo,ag1200algo
0,1013,Lab Server,3,138,0.7254,0.4167,0.7254,0.4167,0.7254,0.4167,0.8713,0.6894,0.8676,0.7045,0.5551,0.6818,0.9055,0.5,0.8996,0.4394,0.9055,0.447,0.9,0.5606,0.9,0.5606,0.9,0.3939,bagging,bagging,bagging,GaussianNB,GBM,GBM,GBM,GaussianNB,GaussianNB,CatBoost,CatBoost,KNeighborsDist
1,823,Lab Server,9,20640,0.9984,0.9983,0.9984,0.9983,0.9984,0.9983,1.0,0.9986,1.0,0.9987,0.9996,0.9984,0.9016,0.9061,0.9985,0.9974,0.9985,0.9974,0.9993,0.9987,0.9993,0.9987,0.9993,0.9987,gradient_boosting,gradient_boosting,gradient_boosting,GBM,GBM,GaussianNB,XGBoost,DecisionTreeClassifier,DecisionTreeClassifier,WeightedEnsemble_L2,WeightedEnsemble_L2,WeightedEnsemble_L2
2,799,Lab Server,6,1000,0.9634,0.9647,0.9634,0.9647,0.9634,0.9647,0.9983,0.964,0.9971,0.9632,0.9941,0.9689,0.9864,0.9582,0.9913,0.959,0.9931,0.9678,0.9735,0.9701,0.9735,0.9701,0.9735,0.9701,mlp,mlp,mlp,XGBoost,GBM,DeepLearning,MLPClassifier,MLPClassifier,MLPClassifier,WeightedEnsemble_L2,WeightedEnsemble_L2,WeightedEnsemble_L2
3,1004,Lab Server,61,600,1.0,1.0,1.0,1.0,1.0,1.0,1.0,1.0,0.9995,1.0,1.0,1.0,1.0,0.9992,1.0,0.9992,1.0,0.9992,1.0,1.0,1.0,1.0,1.0,1.0,gradient_boosting,gradient_boosting,gradient_boosting,ExtraTreesClassifier,XGBoost,DeepLearning,XGBoost,ExtraTreesClassifier,ExtraTreesClassifier,CatBoost,CatBoost,CatBoost
4,842,Lab Server,11,60,0.7298,0.88,0.7298,0.88,0.7298,0.88,0.9514,0.94,0.7247,0.46,0.6093,0.64,0.9109,0.9,0.998,0.74,0.9312,0.8,0.85,0.8,0.85,0.8,0.85,0.8,extra_trees,extra_trees,extra_trees,GBM,GradientBoostingClassifier,DeepLearning,DeepLearning,GradientBoostingClassifier,GradientBoostingClassifier,NeuralNetTorch,NeuralNetTorch,NeuralNetTorch
5,1006,Lab Server,19,148,0.9131,0.9662,0.9131,0.9662,0.9131,0.9662,0.9951,0.9735,1.0,0.9765,0.8902,0.8265,0.9836,0.9765,1.0,0.6441,0.9993,0.9015,1.0,0.9676,1.0,0.9676,1.0,0.9676,extra_trees,extra_trees,extra_trees,GBM,GradientBoostingClassifier,GBM,DeepLearning,GradientBoostingClassifier,GradientBoostingClassifier,WeightedEnsemble_L2,WeightedEnsemble_L2,WeightedEnsemble_L2
6,737,Lab Server,7,3107,0.9255,0.9176,0.9255,0.9176,0.9255,0.9176,0.9914,0.9158,0.9434,0.9142,0.9297,0.919,0.968,0.9211,1.0,0.9391,0.9855,0.9396,0.9279,0.9307,0.9279,0.9307,0.9279,0.9307,mlp,mlp,mlp,GBM,GradientBoostingClassifier,DeepLearning,DeepLearning,KNeighborsClassifier,GradientBoostingClassifier,WeightedEnsemble_L2,WeightedEnsemble_L2,WeightedEnsemble_L2
7,740,Lab Server,11,1000,0.9579,0.9786,0.9579,0.9786,0.9579,0.9786,0.9932,0.9779,0.9941,0.9749,0.9989,0.983,0.9952,0.9767,1.0,0.9849,1.0,0.9844,0.9751,0.9812,0.9751,0.9812,0.9751,0.9812,gradient_boosting,gradient_boosting,gradient_boosting,XGBoost,ExtraTreesClassifier,XGBoost,XGBoost,ExtraTreesClassifier,ExtraTreesClassifier,WeightedEnsemble_L2,WeightedEnsemble_L2,WeightedEnsemble_L2
8,1220,Lab Server,10,39948,0.6927,0.7053,0.6927,0.7053,0.6927,0.7053,0.7501,0.7077,0.7423,0.7054,0.7237,0.7054,0.6292,0.6411,0.6932,0.6844,0.6975,0.6873,0.7054,0.7154,0.7055,0.7161,0.7055,0.7161,gradient_boosting,gradient_boosting,gradient_boosting,XGBoost,BernoulliNB,XGBoost,XGBoost,DecisionTreeClassifier,DecisionTreeClassifier,WeightedEnsemble_L2,WeightedEnsemble_L2,WeightedEnsemble_L2
9,757,Lab Server,22,528,0.8819,0.8484,0.8819,0.8484,0.8819,0.8484,0.9878,0.8382,0.9735,0.8256,0.9817,0.8387,0.9999,0.8405,1.0,0.837,0.9991,0.8604,0.974,0.8308,0.974,0.8308,0.974,0.8308,gradient_boosting,gradient_boosting,gradient_boosting,XGBoost,GradientBoostingClassifier,XGBoost,XGBoost,GradientBoostingClassifier,GradientBoostingClassifier,WeightedEnsemble_L2,WeightedEnsemble_L2,WeightedEnsemble_L2
10,792,Lab Server,6,500,0.9743,0.9858,0.9743,0.9858,0.9743,0.9858,0.9972,0.9844,0.9962,0.9805,0.9901,0.9728,0.9995,0.9859,0.994,0.991,0.9987,0.9895,0.9977,0.9841,0.9977,0.9841,0.9977,0.9841,extra_trees,extra_trees,extra_trees,GBM,MLPClassifier,XGBoost,DeepLearning,MLPClassifier,MLPClassifier,WeightedEnsemble_L2,WeightedEnsemble_L2,WeightedEnsemble_L2
11,1011,Lab Server,8,336,0.9862,0.9846,0.9862,0.9846,0.9862,0.9846,0.9997,0.9863,0.9995,0.9869,1.0,0.9852,0.9963,0.9795,0.9963,0.9801,0.9963,0.9801,1.0,0.9801,1.0,0.9801,1.0,0.9801,mlp,mlp,mlp,XGBoost,GBM,GBM,ExtraTreesClassifier,ExtraTreesClassifier,ExtraTreesClassifier,CatBoost,CatBoost,CatBoost
12,803,Lab Server,6,7129,0.9774,0.982,0.9774,0.982,0.9774,0.982,0.9985,0.9813,0.9987,0.9809,0.9992,0.9813,0.9839,0.9824,0.998,0.9838,0.9948,0.9846,0.979,0.9848,0.979,0.9848,0.979,0.9848,gradient_boosting,gradient_boosting,gradient_boosting,GBM,ExtraTreesClassifier,GBM,GBM,ExtraTreesClassifier,ExtraTreesClassifier,WeightedEnsemble_L2,WeightedEnsemble_L2,WeightedEnsemble_L2
13,13,Desktop,10,286,0.6209,0.6868,0.6478,0.6626,0.6478,0.6626,0.9791,0.6166,0.9915,0.637,0.8258,0.7417,0.7709,0.7502,0.7736,0.74,0.7736,0.74,0.8602,0.7536,0.8602,0.7536,0.8602,0.7536,extra_trees,ada_boost,ada_boost,GBM,GBM,GBM,GaussianNB,GaussianNB,GaussianNB,WeightedEnsemble_L2,WeightedEnsemble_L2,WeightedEnsemble_L2
14,15,Desktop,10,699,0.9906,0.998,0.992,0.9976,0.992,0.9976,0.9906,0.9987,1.0,0.9978,0.9893,0.9961,0.9982,0.9978,0.996,0.9976,0.996,0.9976,1.0,0.9981,1.0,0.9981,1.0,0.9981,extra_trees,logistic_regression,logistic_regression,DeepLearning,GBM,XGBoost,ExtraTreesClassifier,ExtraTreesClassifier,ExtraTreesClassifier,LightGBMXT,LightGBMXT,LightGBMXT
15,37,Desktop,9,768,0.8097,0.8649,0.8256,0.8498,0.8256,0.8498,0.8215,0.8121,0.8787,0.8687,0.8077,0.8292,0.9004,0.869,0.8909,0.8583,0.8909,0.8583,0.8368,0.8747,0.8368,0.8747,0.8368,0.8747,mlp,logistic_regression,logistic_regression,DeepLearning,DeepLearning,DeepLearning,GradientBoostingClassifier,GradientBoostingClassifier,GradientBoostingClassifier,WeightedEnsemble_L2,WeightedEnsemble_L2,WeightedEnsemble_L2
16,43,Desktop,4,306,0.6639,0.7668,0.6639,0.7668,0.6639,0.7668,0.7154,0.6642,0.7054,0.7532,0.7148,0.6724,0.6754,0.7863,0.7393,0.7187,0.7393,0.7187,0.7966,0.7632,0.7966,0.7632,0.7966,0.7632,mlp,mlp,mlp,DeepLearning,DeepLearning,DeepLearning,MultinomialNB,ExtraTreesClassifier,ExtraTreesClassifier,WeightedEnsemble_L2,WeightedEnsemble_L2,WeightedEnsemble_L2
17,50,Desktop,10,958,0.9967,0.9997,0.9967,0.9997,0.9967,0.9997,1.0,1.0,1.0,1.0,1.0,1.0,1.0,1.0,1.0,1.0,1.0,1.0,1.0,1.0,1.0,1.0,1.0,1.0,random_forest,random_forest,random_forest,GBM,GBM,GBM,GradientBoostingClassifier,GradientBoostingClassifier,MLPClassifier,CatBoost,CatBoost,CatBoost
18,333,Desktop,7,556,1.0,1.0,1.0,1.0,1.0,1.0,1.0,1.0,1.0,1.0,1.0,1.0,1.0,1.0,1.0,1.0,1.0,1.0,1.0,1.0,1.0,1.0,1.0,1.0,gradient_boosting,gradient_boosting,gradient_boosting,XGBoost,XGBoost,XGBoost,MLPClassifier,MLPClassifier,MLPClassifier,CatBoost,CatBoost,CatBoost
19,334,Desktop,7,601,0.9998,1.0,0.9998,1.0,0.9998,1.0,1.0,1.0,1.0,0.9941,1.0,0.9976,1.0,1.0,1.0,1.0,1.0,1.0,1.0,1.0,1.0,1.0,1.0,1.0,mlp,mlp,mlp,GBM,GBM,GBM,GradientBoostingClassifier,GradientBoostingClassifier,GradientBoostingClassifier,CatBoost,CatBoost,CatBoost
20,335,Desktop,7,554,0.9934,0.9877,0.9934,0.9877,0.9934,0.9877,0.9992,0.9846,0.9996,0.963,0.9973,0.9788,0.9997,0.9953,0.9999,0.9928,0.9999,0.9928,0.9959,0.9812,0.9959,0.9812,0.9959,0.9812,gradient_boosting,gradient_boosting,gradient_boosting,XGBoost,GBM,XGBoost,GradientBoostingClassifier,GradientBoostingClassifier,GradientBoostingClassifier,XGBoost,XGBoost,XGBoost
21,346,Desktop,5,50,0.7182,0.8,0.7182,0.8,0.7182,0.8,0.8485,0.9,0.6576,0.7,0.4152,0.2667,0.797,0.8333,0.797,0.8333,0.797,0.8333,0.7333,0.8667,0.7333,0.8667,0.7333,0.8667,gradient_boosting,gradient_boosting,gradient_boosting,DeepLearning,DeepLearning,DeepLearning,LogisticRegression,LogisticRegression,LogisticRegression,XGBoost,XGBoost,XGBoost
22,444,Desktop,4,132,0.7301,0.863,0.7301,0.863,0.7301,0.863,0.847,0.8278,0.911,0.8778,0.9904,0.7833,0.8653,0.9648,0.861,0.9593,0.9327,0.8796,0.8889,0.8704,0.8889,0.8704,0.8889,0.8704,xgboost_gbtree,xgboost_gbtree,xgboost_gbtree,GBM,GBM,DeepLearning,RandomForestClassifier,GradientBoostingClassifier,RandomForestClassifier,WeightedEnsemble_L2,WeightedEnsemble_L2,WeightedEnsemble_L2
23,448,Desktop,4,120,0.9378,0.6625,0.9378,0.6625,0.9378,0.6625,1.0,0.7375,0.9968,0.71,0.9989,0.77,0.9561,0.7425,1.0,0.715,1.0,0.575,1.0,0.59,1.0,0.59,1.0,0.59,gradient_boosting,gradient_boosting,gradient_boosting,GBM,GBM,GBM,RandomForestClassifier,RandomForestClassifier,RandomForestClassifier,WeightedEnsemble_L2,WeightedEnsemble_L2,WeightedEnsemble_L2
24,450,Desktop,5,264,0.993,1.0,0.9961,0.9902,0.9961,0.9902,0.9033,0.941,1.0,0.9902,1.0,0.9902,1.0,0.9869,1.0,0.9869,1.0,0.9869,1.0,0.9803,1.0,0.9803,1.0,0.9803,extra_trees,logistic_regression,logistic_regression,XGBoost,GBM,GBM,MultinomialNB,MultinomialNB,MultinomialNB,NeuralNetTorch,NeuralNetTorch,NeuralNetTorch
25,451,Desktop,6,500,0.9898,0.9871,0.9922,0.9904,0.9922,0.9904,0.9972,0.9948,0.9957,0.9938,0.9966,0.9943,0.9961,0.9979,0.9961,0.9979,0.9961,0.9979,0.9978,0.994,0.9978,0.994,0.9978,0.994,gradient_boosting,ada_boost,ada_boost,DeepLearning,DeepLearning,DeepLearning,DecisionTreeClassifier,DecisionTreeClassifier,DecisionTreeClassifier,WeightedEnsemble_L2,WeightedEnsemble_L2,WeightedEnsemble_L2
26,464,Desktop,3,250,0.9226,0.9665,0.9219,0.9635,0.9219,0.9635,0.9272,0.9665,0.9254,0.9655,0.9247,0.9645,0.9603,0.9746,0.9697,0.9746,0.9697,0.9746,0.9583,0.9746,0.9583,0.9746,0.9583,0.9746,mlp,logistic_regression,logistic_regression,GLM,DeepLearning,DeepLearning,ExtraTreesClassifier,MLPClassifier,MLPClassifier,NeuralNetFastAI,NeuralNetFastAI,NeuralNetFastAI
27,472,Desktop,4,87,0.845,0.775,0.845,0.775,0.845,0.775,0.9775,0.75,0.9655,0.7875,0.9315,0.7417,0.8745,0.7833,0.8815,0.7833,0.8815,0.7833,1.0,0.8083,1.0,0.8083,1.0,0.8083,logistic_regression,logistic_regression,logistic_regression,GBM,DeepLearning,DeepLearning,LogisticRegression,LogisticRegression,LogisticRegression,WeightedEnsemble_L2,WeightedEnsemble_L2,WeightedEnsemble_L2
28,476,Desktop,6,50,0.9697,1.0,0.9697,1.0,0.9697,1.0,0.997,0.9667,0.9909,1.0,1.0,1.0,0.9106,0.9,0.9106,0.9,0.9106,0.9,1.0,0.9667,1.0,0.9667,1.0,0.9667,logistic_regression,logistic_regression,logistic_regression,GBM,GBM,GBM,SGDClassifier,SGDClassifier,SGDClassifier,CatBoost,CatBoost,CatBoost
29,479,Desktop,10,92,0.8708,0.9444,0.8896,0.9222,0.8896,0.9222,0.9922,0.8889,0.9701,0.9,0.9935,0.9111,0.9455,0.9222,0.9455,0.9222,0.9455,0.9222,0.9091,0.9333,0.9091,0.9333,0.9091,0.9333,extra_trees,logistic_regression,logistic_regression,GBM,GBM,GBM,ExtraTreesClassifier,ExtraTreesClassifier,ExtraTreesClassifier,NeuralNetTorch,NeuralNetTorch,NeuralNetTorch
30,949,Desktop,5,559,0.8371,0.734,0.8371,0.734,0.8371,0.734,0.8934,0.6896,0.7531,0.6827,0.7829,0.7575,0.9518,0.8043,0.9777,0.7925,0.9714,0.7953,0.8531,0.7814,0.8531,0.7814,0.8531,0.7814,ada_boost,ada_boost,ada_boost,GBM,DeepLearning,DeepLearning,ExtraTreesClassifier,ExtraTreesClassifier,ExtraTreesClassifier,WeightedEnsemble_L2,WeightedEnsemble_L2,WeightedEnsemble_L2
31,1037,Desktop,15,4562,0.8994,0.9108,0.8994,0.9108,0.8994,0.9108,0.9394,0.9114,0.9217,0.9084,0.9705,0.9104,0.914,0.9068,0.9196,0.907,0.9148,0.9074,0.9177,0.9095,0.9177,0.9095,0.9177,0.9095,gradient_boosting,gradient_boosting,gradient_boosting,GBM,GBM,GBM,XGBClassifier,XGBClassifier,XGBClassifier,WeightedEnsemble_L2,WeightedEnsemble_L2,WeightedEnsemble_L2
32,1566,Desktop,101,1212,0.6275,0.731,0.9211,1.0,0.9211,1.0,0.9984,0.9976,0.9984,0.9976,0.9984,0.9976,1.0,0.9978,1.0,0.9978,1.0,0.9978,0.9989,0.987,0.9989,0.987,0.9989,0.987,mlp,logistic_regression,logistic_regression,GLM,GLM,GLM,LogisticRegression,LogisticRegression,LogisticRegression,WeightedEnsemble_L2,WeightedEnsemble_L2,WeightedEnsemble_L2
33,744,Desktop,6,250,0.9282,0.9465,0.9282,0.9465,0.9282,0.9465,0.9976,0.9619,0.9999,0.9722,0.9993,0.9681,1.0,0.9537,1.0,0.9588,1.0,0.9588,0.93,0.93,0.93,0.93,0.93,0.93,xgboost_gbtree,xgboost_gbtree,xgboost_gbtree,DeepLearning,XGBoost,XGBoost,XGBClassifier,XGBClassifier,XGBClassifier,XGBoost,XGBoost,XGBoost
34,1558,Desktop,17,4521,0.9065,0.8795,0.9065,0.8795,0.9065,0.8795,0.9966,0.8828,0.9969,0.8805,0.9963,0.8769,0.9389,0.876,0.9776,0.8957,0.9606,0.8777,0.9181,0.8934,0.9181,0.8934,0.9181,0.8934,random_forest,random_forest,random_forest,GBM,XGBoost,XGBoost,GradientBoostingClassifier,GradientBoostingClassifier,RandomForestClassifier,WeightedEnsemble_L2,WeightedEnsemble_L2,WeightedEnsemble_L2
35,1024,Desktop,35,2796,1.0,1.0,1.0,1.0,1.0,1.0,1.0,1.0,1.0,1.0,1.0,1.0,1.0,1.0,1.0,1.0,1.0,1.0,1.0,1.0,1.0,1.0,1.0,1.0,bagging,bagging,bagging,XGBoost,XGBoost,XGBoost,KNeighborsClassifier,KNeighborsClassifier,KNeighborsClassifier,XGBoost,XGBoost,XGBoost
36,23499,Desktop,10,277,0.7153,0.6951,0.7153,0.6951,0.7153,0.6951,0.8102,0.6843,0.8116,0.6598,0.7685,0.6563,0.8103,0.6581,0.8553,0.6667,0.8553,0.6667,0.9853,0.6873,0.9853,0.6873,0.9853,0.6873,ada_boost,ada_boost,ada_boost,GBM,GBM,DeepLearning,GaussianNB,ExtraTreesClassifier,ExtraTreesClassifier,WeightedEnsemble_L2,WeightedEnsemble_L2,WeightedEnsemble_L2
37,1167,Desktop,9,320,0.6303,0.6833,0.6303,0.6833,0.6303,0.6833,0.6834,0.5862,0.7681,0.6931,0.7832,0.6676,0.6408,0.68,0.6592,0.6833,0.6592,0.6833,0.6182,0.6829,0.6182,0.6829,0.6182,0.6829,ada_boost,ada_boost,ada_boost,DeepLearning,GBM,GBM,MultinomialNB,MultinomialNB,MultinomialNB,WeightedEnsemble_L2,WeightedEnsemble_L2,WeightedEnsemble_L2
38,1511,Desktop,9,440,0.9627,0.9673,0.9627,0.9673,0.9627,0.9673,0.9946,0.9487,0.9616,0.9491,0.9916,0.9675,0.9906,0.9559,0.9894,0.9563,0.9886,0.9567,0.9778,0.9704,0.9778,0.9704,0.9778,0.9704,extra_trees,extra_trees,extra_trees,XGBoost,DeepLearning,GBM,RandomForestClassifier,RandomForestClassifier,RandomForestClassifier,WeightedEnsemble_L2,WeightedEnsemble_L2,WeightedEnsemble_L2
39,1524,Desktop,7,310,0.9155,0.9289,0.9155,0.9289,0.9155,0.9289,0.9992,0.8814,0.9998,0.883,0.9361,0.9229,0.944,0.9597,0.9409,0.9375,0.9409,0.9375,0.9415,0.9067,0.9415,0.9067,0.9415,0.9067,mlp,mlp,mlp,GBM,GBM,XGBoost,LogisticRegression,LogisticRegression,LogisticRegression,WeightedEnsemble_L2,WeightedEnsemble_L2,WeightedEnsemble_L2
40,890,Desktop,8,108,0.8823,0.9013,0.8823,0.9013,0.8823,0.9013,0.981,0.8882,0.6798,0.4803,1.0,0.9211,1.0,0.9013,1.0,0.9013,1.0,0.9013,1.0,0.8092,1.0,0.8092,1.0,0.8092,gradient_boosting,gradient_boosting,gradient_boosting,GBM,DeepLearning,GBM,MultinomialNB,MultinomialNB,MultinomialNB,WeightedEnsemble_L2,WeightedEnsemble_L2,WeightedEnsemble_L2
41,1455,Desktop,7,120,1.0,1.0,1.0,1.0,1.0,1.0,1.0,1.0,1.0,1.0,1.0,1.0,1.0,1.0,1.0,1.0,1.0,1.0,1.0,1.0,1.0,1.0,1.0,1.0,gradient_boosting,gradient_boosting,gradient_boosting,DeepLearning,DeepLearning,DeepLearning,DecisionTreeClassifier,DecisionTreeClassifier,DecisionTreeClassifier,CatBoost,CatBoost,CatBoost
42,1473,Desktop,10,100,0.5644,0.5298,0.5644,0.5298,0.5644,0.5298,0.8535,0.7857,0.9356,0.6429,0.986,0.619,0.9095,0.631,0.8909,0.5238,0.8909,0.5238,0.8846,0.5833,0.8846,0.5833,0.8846,0.5833,ada_boost,ada_boost,ada_boost,XGBoost,GBM,GBM,BernoulliNB,BernoulliNB,BernoulliNB,NeuralNetTorch,NeuralNetTorch,NeuralNetTorch
43,1463,Desktop,6,100,0.9202,0.7833,0.9202,0.7833,0.9202,0.7833,0.9636,0.83,0.9747,0.79,0.9687,0.8167,0.9713,0.5633,0.9721,0.6733,0.9721,0.6733,0.9773,0.77,0.9773,0.77,0.9773,0.77,bagging,bagging,bagging,XGBoost,GBM,XGBoost,ExtraTreesClassifier,KNeighborsClassifier,KNeighborsClassifier,CatBoost,CatBoost,CatBoost
44,1495,Desktop,7,250,1.0,1.0,1.0,1.0,1.0,1.0,1.0,1.0,1.0,1.0,1.0,1.0,1.0,1.0,1.0,1.0,1.0,1.0,1.0,1.0,1.0,1.0,1.0,1.0,gradient_boosting,gradient_boosting,gradient_boosting,DRF,GBM,GBM,GaussianNB,GaussianNB,GaussianNB,CatBoost,CatBoost,CatBoost
45,40714,Desktop,6,32,0.1806,0.1562,0.1806,0.1562,0.1806,0.1562,0.5625,0.125,0.5625,0.5625,0.5694,0.375,0.9722,1.0,0.9722,1.0,0.9722,1.0,0.6667,0.8125,0.6667,0.8125,0.6667,0.8125,xgboost_gbtree,xgboost_gbtree,xgboost_gbtree,DeepLearning,DeepLearning,DeepLearning,KNeighborsClassifier,KNeighborsClassifier,KNeighborsClassifier,NeuralNetFastAI,NeuralNetFastAI,NeuralNetFastAI
46,41538,Desktop,7,246,0.5032,0.6824,0.5032,0.6824,0.5032,0.6824,0.8029,0.586,0.5164,0.3711,0.9704,0.5073,0.9665,0.4822,0.9858,0.5304,0.9924,0.6457,0.5189,0.5702,0.5189,0.5702,0.5189,0.5702,random_forest,random_forest,random_forest,XGBoost,DeepLearning,DeepLearning,RandomForestClassifier,RandomForestClassifier,KNeighborsClassifier,WeightedEnsemble_L2,WeightedEnsemble_L2,WeightedEnsemble_L2
47,42638,Desktop,8,891,0.8712,0.835,0.8712,0.835,0.8712,0.835,0.9348,0.8371,0.9281,0.7956,0.9325,0.8481,0.981,0.8425,0.9441,0.8241,0.9764,0.8489,0.9233,0.8436,0.9233,0.8436,0.9233,0.8436,random_forest,random_forest,random_forest,GBM,DeepLearning,DeepLearning,ExtraTreesClassifier,RandomForestClassifier,RandomForestClassifier,WeightedEnsemble_L2,WeightedEnsemble_L2,WeightedEnsemble_L2
48,40669,Desktop,7,160,1.0,1.0,1.0,1.0,1.0,1.0,0.9983,1.0,1.0,1.0,1.0,1.0,1.0,1.0,1.0,1.0,1.0,1.0,1.0,1.0,1.0,1.0,1.0,1.0,gradient_boosting,gradient_boosting,gradient_boosting,XGBoost,XGBoost,XGBoost,KNeighborsClassifier,KNeighborsClassifier,KNeighborsClassifier,CatBoost,CatBoost,CatBoost
49,40681,Desktop,7,128,1.0,1.0,1.0,1.0,1.0,1.0,1.0,1.0,1.0,1.0,0.9987,0.9883,1.0,1.0,1.0,1.0,1.0,1.0,1.0,1.0,1.0,1.0,1.0,1.0,gradient_boosting,gradient_boosting,gradient_boosting,GBM,DeepLearning,XGBoost,KNeighborsClassifier,KNeighborsClassifier,KNeighborsClassifier,CatBoost,CatBoost,CatBoost
50,40690,Desktop,10,512,0.9999,1.0,0.9999,1.0,0.9999,1.0,0.9998,0.9953,1.0,0.9985,1.0,1.0,1.0,1.0,1.0,1.0,1.0,1.0,1.0,0.9993,1.0,0.9993,1.0,0.9993,gradient_boosting,gradient_boosting,gradient_boosting,GBM,GBM,XGBoost,MLPClassifier,GradientBoostingClassifier,MLPClassifier,CatBoost,CatBoost,CatBoost
51,724,Desktop,4,468,0.9229,0.9325,0.9229,0.9325,0.9229,0.9325,0.9987,0.8791,0.9911,0.9142,0.9998,0.8889,0.9915,0.9363,0.9992,0.9378,0.9987,0.9446,0.9694,0.9502,0.9694,0.9502,0.9694,0.9502,bagging,bagging,bagging,GBM,DeepLearning,GBM,RandomForestClassifier,RandomForestClassifier,RandomForestClassifier,WeightedEnsemble_L2,WeightedEnsemble_L2,WeightedEnsemble_L2
52,731,Desktop,5,96,0.8201,0.6806,0.8201,0.6806,0.8201,0.6806,0.8409,0.7083,0.8185,0.7014,0.7467,0.6389,0.8958,0.7222,0.8811,0.6389,0.8907,0.7014,0.9643,0.6806,0.9643,0.6806,0.9643,0.6806,logistic_regression,logistic_regression,logistic_regression,DeepLearning,DeepLearning,DeepLearning,RandomForestClassifier,RandomForestClassifier,RandomForestClassifier,NeuralNetTorch,NeuralNetTorch,NeuralNetTorch
53,729,Desktop,4,44,0.9308,1.0,0.9308,1.0,0.9308,1.0,1.0,0.9286,0.9962,1.0,0.9923,1.0,1.0,1.0,1.0,1.0,1.0,1.0,1.0,1.0,1.0,1.0,1.0,1.0,mlp,mlp,mlp,GBM,DeepLearning,DeepLearning,ExtraTreesClassifier,ExtraTreesClassifier,ExtraTreesClassifier,CatBoost,CatBoost,CatBoost
54,730,Desktop,6,250,0.9847,0.9934,0.9847,0.9934,0.9847,0.9934,1.0,0.9848,1.0,0.9818,0.9994,0.9212,0.999,0.999,1.0,0.9889,1.0,0.9899,1.0,0.9778,1.0,0.9778,1.0,0.9778,extra_trees,extra_trees,extra_trees,GBM,GBM,DeepLearning,ExtraTreesClassifier,GradientBoostingClassifier,GradientBoostingClassifier,WeightedEnsemble_L2,WeightedEnsemble_L2,WeightedEnsemble_L2
55,726,Desktop,6,100,0.8587,0.8929,0.8587,0.8929,0.8587,0.8929,0.8238,0.7403,0.9993,0.8701,0.9948,0.8052,1.0,0.9805,0.9993,0.9221,0.9993,0.9221,0.9444,0.8279,0.9444,0.8279,0.9444,0.8279,extra_trees,extra_trees,extra_trees,DeepLearning,XGBoost,XGBoost,XGBClassifier,MLPClassifier,MLPClassifier,RandomForestEntr,RandomForestEntr,RandomForestEntr
56,767,Desktop,4,475,0.9533,0.9372,0.9533,0.9372,0.9533,0.9372,0.997,0.9478,0.9969,0.9049,0.97,0.8618,0.9719,0.9205,0.9689,0.9104,0.9689,0.9104,0.9984,0.9369,0.9984,0.9369,0.9984,0.9369,gradient_boosting,gradient_boosting,gradient_boosting,GBM,GBM,DeepLearning,DecisionTreeClassifier,DecisionTreeClassifier,DecisionTreeClassifier,CatBoost,CatBoost,CatBoost
57,764,Desktop,4,450,0.9157,0.9609,0.9157,0.9609,0.9157,0.9609,0.9889,0.9126,0.9915,0.9099,0.9922,0.9112,0.981,0.9316,0.9819,0.9316,0.9819,0.9316,0.9604,0.9276,0.9604,0.9276,0.9604,0.9276,gradient_boosting,gradient_boosting,gradient_boosting,GBM,GBM,GBM,RandomForestClassifier,RandomForestClassifier,RandomForestClassifier,WeightedEnsemble_L2,WeightedEnsemble_L2,WeightedEnsemble_L2
58,765,Desktop,4,475,0.9783,0.931,0.9783,0.931,0.9783,0.931,0.9757,0.9251,0.9903,0.947,0.9996,0.9596,0.9933,0.9621,0.989,0.955,0.9951,0.9537,0.9344,0.9057,0.9344,0.9057,0.9344,0.9057,gradient_boosting,gradient_boosting,gradient_boosting,GBM,GBM,GBM,RandomForestClassifier,RandomForestClassifier,RandomForestClassifier,WeightedEnsemble_L2,WeightedEnsemble_L2,WeightedEnsemble_L2
59,790,Desktop,3,55,0.9601,0.8958,0.9601,0.8958,0.9601,0.8958,0.9976,0.8958,0.9855,0.8958,0.9988,0.9167,0.9843,0.9583,0.9988,0.9167,0.9988,0.9167,1.0,0.9167,1.0,0.9167,1.0,0.9167,xgboost_gbtree,xgboost_gbtree,xgboost_gbtree,GBM,GBM,GBM,LogisticRegression,RandomForestClassifier,RandomForestClassifier,CatBoost,CatBoost,CatBoost
60,795,Desktop,4,662,0.515,0.5015,0.5213,0.4995,0.5213,0.4995,0.9585,0.5097,0.7216,0.5234,0.5529,0.5767,0.5942,0.4647,0.7419,0.5166,0.7419,0.5166,0.632,0.4597,0.632,0.4597,0.632,0.4597,xgboost_gbtree,logistic_regression,logistic_regression,GBM,DeepLearning,DeepLearning,GradientBoostingClassifier,XGBClassifier,XGBClassifier,WeightedEnsemble_L2,WeightedEnsemble_L2,WeightedEnsemble_L2
61,865,Desktop,3,100,0.6932,0.3542,0.6932,0.3542,0.6932,0.3542,0.5,0.5,0.7367,0.3542,0.814,0.0208,0.8213,0.3542,0.814,0.3542,0.814,0.3542,0.9286,0.3958,0.9286,0.3958,0.9286,0.3958,mlp,mlp,mlp,XGBoost,DeepLearning,DeepLearning,ExtraTreesClassifier,ExtraTreesClassifier,ExtraTreesClassifier,CatBoost,CatBoost,CatBoost
62,864,Desktop,8,60,0.7123,0.6852,0.7341,0.8889,0.7341,0.8889,0.9246,0.8519,0.7758,0.8889,0.8333,0.8889,1.0,0.3704,0.9058,0.3333,0.9058,0.3333,0.85,0.7593,0.85,0.5926,0.85,0.7593,mlp,logistic_regression,logistic_regression,DeepLearning,DeepLearning,DeepLearning,GradientBoostingClassifier,GradientBoostingClassifier,GradientBoostingClassifier,LightGBMLarge,XGBoost,LightGBMLarge
63,867,Desktop,3,130,0.8188,0.858,0.8188,0.858,0.8188,0.858,0.9389,0.9198,0.9642,0.9074,0.9518,0.9074,0.9393,0.8642,0.9507,0.8889,0.9426,0.8827,0.8906,0.821,0.8906,0.821,0.8906,0.821,xgboost_gbtree,xgboost_gbtree,xgboost_gbtree,XGBoost,GBM,GBM,ExtraTreesClassifier,ExtraTreesClassifier,ExtraTreesClassifier,WeightedEnsemble_L2,WeightedEnsemble_L2,WeightedEnsemble_L2
64,899,Desktop,6,92,0.9446,0.9077,0.9446,0.9077,0.9446,0.9077,0.9682,0.7462,0.9104,0.9462,0.8703,0.8231,0.9752,0.8885,0.9882,0.8615,0.9788,0.8577,1.0,0.8923,1.0,0.8923,1.0,0.8923,logistic_regression,logistic_regression,logistic_regression,DeepLearning,DeepLearning,DeepLearning,RandomForestClassifier,RandomForestClassifier,RandomForestClassifier,LightGBMXT,LightGBMXT,LightGBMXT
65,905,Desktop,3,39,0.7778,1.0,0.7778,1.0,0.7778,1.0,0.7694,0.7857,0.9222,0.7857,0.9389,1.0,0.95,1.0,0.9583,0.9762,0.9583,0.9762,0.875,0.9524,0.875,0.9524,0.875,0.9524,logistic_regression,logistic_regression,logistic_regression,GBM,GBM,DeepLearning,GaussianNB,RandomForestClassifier,RandomForestClassifier,WeightedEnsemble_L2,WeightedEnsemble_L2,WeightedEnsemble_L2
66,900,Desktop,7,400,0.5454,0.516,0.5454,0.516,0.5454,0.516,0.7804,0.5473,0.7948,0.5442,0.9846,0.5697,0.9784,0.4673,0.9224,0.4092,0.9224,0.4092,0.6742,0.476,0.6742,0.476,0.6742,0.476,gradient_boosting,gradient_boosting,gradient_boosting,DeepLearning,DeepLearning,DeepLearning,RandomForestClassifier,GradientBoostingClassifier,GradientBoostingClassifier,WeightedEnsemble_L2,WeightedEnsemble_L2,WeightedEnsemble_L2
67,942,Desktop,4,50,0.7135,0.5119,0.7135,0.5119,0.7135,0.5119,0.5234,0.3571,0.4532,0.381,0.9327,0.5952,0.9401,0.4643,0.9064,0.5,0.7105,0.4405,0.875,0.5476,0.875,0.5476,0.875,0.5476,ada_boost,ada_boost,ada_boost,DeepLearning,DeepLearning,GBM,RandomForestClassifier,RandomForestClassifier,ExtraTreesClassifier,WeightedEnsemble_L2,WeightedEnsemble_L2,WeightedEnsemble_L2
68,944,Desktop,10,130,0.8297,0.7981,0.8297,0.7981,0.8297,0.7981,0.994,0.7481,0.9996,0.7815,0.9757,0.7778,0.8887,0.8093,0.9039,0.7778,0.9039,0.7778,0.899,0.7963,0.899,0.7963,0.899,0.7963,extra_trees,extra_trees,extra_trees,GBM,XGBoost,GBM,ExtraTreesClassifier,ExtraTreesClassifier,ExtraTreesClassifier,WeightedEnsemble_L2,WeightedEnsemble_L2,WeightedEnsemble_L2
69,945,Desktop,7,76,0.8858,0.8846,0.8858,0.8846,0.8858,0.8846,0.9531,0.859,0.9204,0.7115,0.9389,0.7628,0.9938,0.8333,1.0,0.8205,1.0,0.9359,1.0,0.8077,1.0,0.8077,1.0,0.8077,random_forest,random_forest,random_forest,XGBoost,GBM,GBM,RandomForestClassifier,GradientBoostingClassifier,GradientBoostingClassifier,CatBoost,CatBoost,CatBoost
70,946,Desktop,3,88,0.6668,0.4583,0.6668,0.4583,0.6668,0.4583,0.9636,0.4833,0.9604,0.5,0.8143,0.4208,0.929,0.5917,0.9341,0.55,0.9341,0.55,0.4694,0.4625,0.4694,0.4625,0.4694,0.4625,xgboost_gbtree,xgboost_gbtree,xgboost_gbtree,GBM,GBM,GBM,GradientBoostingClassifier,GradientBoostingClassifier,GradientBoostingClassifier,XGBoost,XGBoost,XGBoost
71,967,Desktop,9,406,0.9763,0.9704,0.9763,0.9704,0.9763,0.9704,1.0,0.972,1.0,0.9618,1.0,0.9733,0.9996,0.9741,1.0,0.9745,1.0,0.9799,0.9748,0.9733,0.9748,0.9733,0.9748,0.9733,xgboost_gbtree,xgboost_gbtree,xgboost_gbtree,GBM,GBM,GBM,GradientBoostingClassifier,GradientBoostingClassifier,GradientBoostingClassifier,WeightedEnsemble_L2,WeightedEnsemble_L2,WeightedEnsemble_L2
72,961,Desktop,8,285,0.8487,0.8457,0.8487,0.8457,0.8487,0.8457,0.8617,0.9062,0.9625,0.8617,0.73,0.6519,0.9672,0.8749,0.9621,0.865,0.9786,0.8757,0.8489,0.8634,0.8489,0.8634,0.8489,0.8634,random_forest,random_forest,random_forest,XGBoost,GBM,DeepLearning,RandomForestClassifier,RandomForestClassifier,RandomForestClassifier,WeightedEnsemble_L2,WeightedEnsemble_L2,WeightedEnsemble_L2
73,968,Desktop,4,365,0.9525,0.8447,0.9525,0.8447,0.9525,0.8447,0.9148,0.8795,0.9644,0.8722,0.9692,0.8655,0.9729,0.8675,0.9689,0.8822,0.9689,0.8822,0.9758,0.8835,0.9758,0.8835,0.9758,0.8835,bagging,bagging,bagging,XGBoost,XGBoost,XGBoost,GaussianNB,GaussianNB,GaussianNB,WeightedEnsemble_L2,WeightedEnsemble_L2,WeightedEnsemble_L2
74,960,Desktop,9,90,0.3239,0.6029,0.3239,0.6029,0.3239,0.6029,0.9931,0.6716,0.5314,0.3186,0.5356,0.4461,0.5011,0.5539,0.8431,0.3824,0.8431,0.3824,0.625,0.6324,0.625,0.6324,0.625,0.6324,random_forest,random_forest,random_forest,DeepLearning,DeepLearning,DeepLearning,MLPClassifier,RandomForestClassifier,RandomForestClassifier,NeuralNetFastAI,NeuralNetFastAI,NeuralNetFastAI
75,996,Desktop,10,214,0.9032,0.9276,0.9032,0.9276,0.9032,0.9276,0.9998,0.8964,1.0,0.9013,1.0,0.8865,0.997,0.8701,1.0,0.9293,1.0,0.8931,0.95,0.9227,0.95,0.9227,0.95,0.9227,extra_trees,extra_trees,extra_trees,GBM,GBM,GBM,ExtraTreesClassifier,ExtraTreesClassifier,ExtraTreesClassifier,WeightedEnsemble_L2,WeightedEnsemble_L2,WeightedEnsemble_L2
76,997,Desktop,5,625,0.9988,1.0,0.9988,1.0,0.9988,1.0,0.9977,0.9951,0.9993,0.9974,0.9984,0.9958,1.0,0.999,1.0,1.0,1.0,0.9993,0.9995,0.9984,0.9995,0.9984,0.9995,0.9984,mlp,mlp,mlp,GBM,GBM,GBM,MLPClassifier,MLPClassifier,MLPClassifier,NeuralNetFastAI,NeuralNetFastAI,NeuralNetFastAI
77,1025,Desktop,6,400,0.9703,0.9413,0.9703,0.9413,0.9703,0.9413,0.9934,0.9662,0.9989,0.9615,0.9731,0.9449,0.5707,0.5,0.9984,0.9553,0.9994,0.9615,0.9836,0.9174,0.9836,0.9174,0.9836,0.9174,gradient_boosting,gradient_boosting,gradient_boosting,XGBoost,GBM,XGBoost,MLPClassifier,GradientBoostingClassifier,GradientBoostingClassifier,WeightedEnsemble_L2,WeightedEnsemble_L2,WeightedEnsemble_L2
78,739,Desktop,8,62,0.7202,0.7167,0.7202,0.7167,0.7202,0.7167,0.9282,0.675,0.9754,0.6667,0.7722,0.625,0.9943,0.45,0.9943,0.5833,0.9943,0.5833,0.8,0.8167,0.8,0.8167,0.8,0.8167,xgboost_gbtree,xgboost_gbtree,xgboost_gbtree,GBM,XGBoost,XGBoost,GradientBoostingClassifier,GradientBoostingClassifier,GradientBoostingClassifier,WeightedEnsemble_L2,WeightedEnsemble_L2,WeightedEnsemble_L2
79,733,Desktop,7,209,0.9835,0.9889,0.9835,0.9889,0.9835,0.9889,0.9997,0.9968,0.9936,0.9921,0.9988,0.9952,0.9919,0.9889,0.9905,0.9873,0.9928,0.9921,1.0,0.9873,1.0,0.9873,1.0,0.9905,mlp,mlp,mlp,GBM,GBM,GBM,ExtraTreesClassifier,ExtraTreesClassifier,ExtraTreesClassifier,LightGBM,LightGBM,LightGBMLarge
80,784,Desktop,4,140,0.8509,0.8881,0.8509,0.8881,0.8509,0.8881,0.9954,0.8881,0.996,0.8811,0.9899,0.9091,0.9898,0.8741,0.9348,0.8794,1.0,0.8462,0.9636,0.8462,0.9636,0.8462,0.9636,0.8462,xgboost_gbtree,xgboost_gbtree,xgboost_gbtree,GBM,GBM,XGBoost,RandomForestClassifier,DecisionTreeClassifier,RandomForestClassifier,LightGBMLarge,LightGBMLarge,LightGBMLarge
81,777,Desktop,8,47,0.9065,0.9444,0.9065,0.9444,0.9065,0.9444,0.9915,0.9167,1.0,0.9722,0.9422,0.8889,0.932,0.8889,1.0,0.8611,1.0,0.8611,0.9167,0.8889,0.9167,0.8889,0.9167,0.8889,ada_boost,ada_boost,ada_boost,GBM,GBM,DeepLearning,MultinomialNB,GradientBoostingClassifier,GradientBoostingClassifier,CatBoost,CatBoost,CatBoost
82,782,Desktop,3,120,0.9861,1.0,0.9861,1.0,0.9861,1.0,0.998,1.0,0.998,1.0,0.998,1.0,0.998,1.0,1.0,1.0,1.0,1.0,1.0,1.0,1.0,1.0,1.0,1.0,bagging,bagging,bagging,GBM,GBM,XGBoost,ExtraTreesClassifier,ExtraTreesClassifier,ExtraTreesClassifier,CatBoost,CatBoost,CatBoost
83,875,Desktop,4,100,0.9435,1.0,0.9435,1.0,0.9435,1.0,0.9975,0.9912,0.995,1.0,0.9901,0.9649,0.9944,1.0,0.995,0.9912,0.995,0.9912,1.0,0.864,1.0,0.8728,1.0,0.864,random_forest,random_forest,random_forest,GBM,GBM,DeepLearning,RandomForestClassifier,RandomForestClassifier,RandomForestClassifier,LightGBM,LightGBMXT,LightGBM
84,916,Desktop,6,100,0.9113,0.7564,0.9113,0.7564,0.9113,0.7564,0.8278,0.7372,0.9328,0.7244,0.9135,0.7083,1.0,0.8269,1.0,0.8397,1.0,0.8397,0.9815,0.7821,0.9815,0.7821,0.9815,0.7821,random_forest,random_forest,random_forest,GBM,GBM,GBM,MLPClassifier,MLPClassifier,MLPClassifier,CatBoost,CatBoost,CatBoost
85,895,Desktop,3,222,0.9197,0.9473,0.9197,0.9473,0.9197,0.9473,0.9549,0.929,0.9713,0.9499,0.9703,0.9382,0.9669,0.9349,0.975,0.9238,0.975,0.9238,0.9451,0.9395,0.9451,0.9395,0.9451,0.9395,ada_boost,ada_boost,ada_boost,XGBoost,GBM,GBM,GradientBoostingClassifier,GradientBoostingClassifier,GradientBoostingClassifier,WeightedEnsemble_L2,WeightedEnsemble_L2,WeightedEnsemble_L2
86,974,Desktop,5,132,0.9317,0.9925,0.9317,0.9925,0.9317,0.9925,0.9659,0.99,0.9618,0.99,0.946,0.985,0.9641,0.9875,0.9641,0.9925,0.9641,0.9925,0.9394,0.94,0.9394,0.94,0.9394,0.94,ada_boost,ada_boost,ada_boost,GBM,GBM,XGBoost,GradientBoostingClassifier,GradientBoostingClassifier,GradientBoostingClassifier,WeightedEnsemble_L2,WeightedEnsemble_L2,WeightedEnsemble_L2
87,754,Desktop,6,100,0.9538,0.92,0.9538,0.92,0.9538,0.92,0.9135,0.87,0.8321,0.86,0.7603,0.88,0.9817,0.9533,1.0,0.94,1.0,0.94,1.0,0.8733,1.0,0.8733,1.0,0.8733,mlp,mlp,mlp,GBM,DeepLearning,DeepLearning,KNeighborsClassifier,KNeighborsClassifier,KNeighborsClassifier,NeuralNetTorch,NeuralNetTorch,NeuralNetTorch
88,811,Desktop,3,264,0.9823,0.9315,0.9823,0.9315,0.9823,0.9315,0.9946,0.9315,0.9947,0.9538,1.0,0.9207,0.998,0.875,0.9966,0.9071,0.9966,0.9071,1.0,0.9522,1.0,0.9522,1.0,0.9522,gradient_boosting,gradient_boosting,gradient_boosting,GBM,GBM,GBM,DecisionTreeClassifier,RandomForestClassifier,RandomForestClassifier,LightGBMXT,LightGBMXT,LightGBMXT
89,747,Desktop,5,167,0.9983,0.9653,0.9983,0.9653,0.9983,0.9653,0.9976,0.9735,0.9997,0.9755,0.9912,0.9816,0.9998,0.9816,0.9998,0.9816,0.9998,0.9816,1.0,0.9918,1.0,0.9918,1.0,0.9918,ada_boost,ada_boost,ada_boost,GBM,XGBoost,XGBoost,RandomForestClassifier,RandomForestClassifier,RandomForestClassifier,CatBoost,CatBoost,CatBoost
90,714,Desktop,5,125,0.6244,0.377,0.6244,0.377,0.6244,0.377,0.7502,0.5258,0.6032,0.4524,0.6012,0.5794,0.7103,0.5655,0.7352,0.4048,0.7352,0.4048,0.7024,0.5397,0.7024,0.5397,0.7024,0.5397,mlp,mlp,mlp,XGBoost,DeepLearning,DeepLearning,RandomForestClassifier,GradientBoostingClassifier,GradientBoostingClassifier,WeightedEnsemble_L2,WeightedEnsemble_L2,WeightedEnsemble_L2
91,955,Desktop,6,151,0.7779,0.9,0.7779,0.9,0.7779,0.9,0.7249,0.7415,0.6687,0.7662,0.7328,0.8769,0.9993,0.84,0.9993,0.7908,0.9993,0.7938,0.8917,0.7508,0.8917,0.7508,0.8917,0.7508,extra_trees,extra_trees,extra_trees,DeepLearning,DeepLearning,DeepLearning,GradientBoostingClassifier,GradientBoostingClassifier,GradientBoostingClassifier,WeightedEnsemble_L2,WeightedEnsemble_L2,WeightedEnsemble_L2
92,748,Desktop,6,163,0.8248,0.9106,0.8248,0.9106,0.8248,0.9106,0.9926,0.8848,1.0,0.8485,1.0,0.8606,0.8377,0.8197,0.8391,0.8424,0.8391,0.8424,0.881,0.7545,0.881,0.7545,0.881,0.7545,extra_trees,extra_trees,extra_trees,GBM,GBM,GBM,ExtraTreesClassifier,ExtraTreesClassifier,ExtraTreesClassifier,NeuralNetTorch,NeuralNetTorch,NeuralNetTorch
93,719,Desktop,8,137,0.8019,0.6957,0.8019,0.6957,0.8019,0.6957,0.9968,0.5761,0.9982,0.6014,0.9918,0.5471,1.0,0.6594,1.0,0.7174,1.0,0.7174,0.8556,0.558,0.8556,0.558,0.8556,0.558,xgboost_gbtree,xgboost_gbtree,xgboost_gbtree,DeepLearning,DeepLearning,DeepLearning,GradientBoostingClassifier,GradientBoostingClassifier,GradientBoostingClassifier,WeightedEnsemble_L2,WeightedEnsemble_L2,WeightedEnsemble_L2
94,1075,Desktop,9,130,0.723,0.8125,0.7448,0.8125,0.7448,0.8125,0.9782,0.5312,0.7655,0.3438,0.9828,0.75,0.8983,0.2812,0.8839,0.25,0.8983,0.2812,0.7778,0.2812,0.7778,0.2812,0.7778,0.2812,extra_trees,logistic_regression,logistic_regression,XGBoost,DeepLearning,DeepLearning,ExtraTreesClassifier,ExtraTreesClassifier,ExtraTreesClassifier,WeightedEnsemble_L2,WeightedEnsemble_L2,WeightedEnsemble_L2
95,814,Desktop,3,468,0.9262,0.9408,0.9262,0.9408,0.9262,0.9408,0.9997,0.9339,0.9998,0.9347,0.9998,0.9362,0.9984,0.9447,1.0,0.9556,1.0,0.9502,0.9744,0.9359,0.9744,0.9359,0.9744,0.9359,extra_trees,extra_trees,extra_trees,GBM,GBM,GBM,GradientBoostingClassifier,GradientBoostingClassifier,GradientBoostingClassifier,WeightedEnsemble_L2,WeightedEnsemble_L2,WeightedEnsemble_L2
96,776,Desktop,6,250,0.9377,0.8976,0.9377,0.8976,0.9377,0.8976,1.0,0.8773,1.0,0.948,0.9998,0.9439,1.0,0.9595,1.0,0.9491,1.0,0.9491,0.9111,0.9127,0.9111,0.9127,0.9111,0.9127,extra_trees,extra_trees,extra_trees,GBM,DeepLearning,DeepLearning,MLPClassifier,MLPClassifier,MLPClassifier,WeightedEnsemble_L2,WeightedEnsemble_L2,WeightedEnsemble_L2
97,911,Desktop,6,250,0.9439,0.9628,0.9439,0.9628,0.9439,0.9628,1.0,0.9388,1.0,0.9388,1.0,0.9571,0.9991,0.9316,1.0,0.9806,1.0,0.9735,0.9972,0.951,0.9972,0.951,0.9972,0.951,extra_trees,extra_trees,extra_trees,GBM,GBM,GBM,ExtraTreesClassifier,ExtraTreesClassifier,ExtraTreesClassifier,WeightedEnsemble_L2,WeightedEnsemble_L2,WeightedEnsemble_L2
98,886,Desktop,8,500,0.6847,0.6871,0.6847,0.6871,0.6847,0.6871,0.9891,0.6639,0.9892,0.6196,0.9915,0.5981,1.0,0.6548,0.9618,0.653,1.0,0.6405,0.7956,0.6812,0.7956,0.6812,0.7956,0.6812,bagging,bagging,bagging,DRF,DeepLearning,DeepLearning,GradientBoostingClassifier,GradientBoostingClassifier,GradientBoostingClassifier,WeightedEnsemble_L2,WeightedEnsemble_L2,WeightedEnsemble_L2
99,796,Desktop,8,209,0.9995,1.0,0.9995,1.0,0.9995,1.0,0.9927,1.0,1.0,0.9966,1.0,1.0,1.0,1.0,1.0,1.0,1.0,1.0,1.0,1.0,1.0,1.0,1.0,1.0,xgboost_gbtree,xgboost_gbtree,xgboost_gbtree,XGBoost,GBM,GBM,GradientBoostingClassifier,GradientBoostingClassifier,GradientBoostingClassifier,CatBoost,CatBoost,CatBoost
100,774,Desktop,4,662,0.5428,0.5629,0.5732,0.5664,0.5732,0.5664,0.6265,0.5052,0.6315,0.543,0.6215,0.5451,0.573,0.493,0.5,0.5,0.5,0.5,0.5797,0.5251,0.5797,0.5251,0.5797,0.5251,ada_boost,logistic_regression,logistic_regression,XGBoost,GBM,DeepLearning,SGDClassifier,SGDClassifier,SGDClassifier,WeightedEnsemble_L2,WeightedEnsemble_L2,WeightedEnsemble_L2
101,893,Desktop,6,73,0.641,0.9167,0.641,0.9167,0.641,0.9167,0.9444,0.8889,0.4292,0.5556,0.4611,0.5222,0.884,0.5722,0.884,0.5722,0.884,0.5722,0.7667,0.8778,0.7667,0.8778,0.7667,0.8778,bagging,bagging,bagging,GBM,DeepLearning,DeepLearning,DecisionTreeClassifier,DecisionTreeClassifier,DecisionTreeClassifier,WeightedEnsemble_L2,WeightedEnsemble_L2,WeightedEnsemble_L2
102,906,Desktop,8,400,0.5293,0.4084,0.5293,0.4084,0.5293,0.4084,0.9968,0.4702,0.8911,0.4658,0.889,0.4652,1.0,0.523,0.9988,0.388,0.9988,0.388,0.5787,0.5392,0.5787,0.5392,0.5787,0.5392,random_forest,random_forest,random_forest,GBM,GBM,DeepLearning,XGBClassifier,XGBClassifier,XGBClassifier,WeightedEnsemble_L2,WeightedEnsemble_L2,WeightedEnsemble_L2
103,884,Desktop,6,500,0.9595,0.9262,0.9595,0.9262,0.9595,0.9262,0.9977,0.9288,0.9919,0.9309,0.998,0.9523,0.9995,0.9755,1.0,0.9716,1.0,0.9401,0.9502,0.9654,0.9502,0.9654,0.9502,0.9654,extra_trees,extra_trees,extra_trees,DeepLearning,DeepLearning,DeepLearning,MLPClassifier,MLPClassifier,MLPClassifier,WeightedEnsemble_L2,WeightedEnsemble_L2,WeightedEnsemble_L2
104,894,Desktop,6,66,0.9931,1.0,0.9931,1.0,0.9931,1.0,0.9983,1.0,0.9983,1.0,1.0,1.0,0.9948,1.0,0.9948,1.0,0.9948,1.0,1.0,1.0,1.0,1.0,1.0,1.0,extra_trees,extra_trees,extra_trees,GLM,DeepLearning,DeepLearning,GaussianNB,GaussianNB,GaussianNB,CatBoost,CatBoost,CatBoost
105,770,Desktop,7,625,0.9995,1.0,0.9995,1.0,0.9995,1.0,1.0,1.0,1.0,1.0,1.0,1.0,1.0,1.0,1.0,1.0,1.0,1.0,1.0,1.0,1.0,1.0,1.0,1.0,xgboost_gbtree,xgboost_gbtree,xgboost_gbtree,GBM,GBM,GBM,GradientBoostingClassifier,GradientBoostingClassifier,GradientBoostingClassifier,CatBoost,CatBoost,CatBoost
106,870,Desktop,6,500,0.9634,0.9612,0.9634,0.9612,0.9634,0.9612,0.9998,0.956,0.9981,0.9462,1.0,0.9291,0.9976,0.9775,0.9892,0.9625,0.9991,0.9793,0.9879,0.9449,0.9879,0.9449,0.9879,0.9449,extra_trees,extra_trees,extra_trees,GBM,GBM,GBM,MLPClassifier,MLPClassifier,MLPClassifier,LightGBMLarge,LightGBMLarge,LightGBMLarge
107,749,Desktop,6,500,0.9652,0.9463,0.9652,0.9463,0.9652,0.9463,0.9914,0.9843,0.9982,0.9641,0.9989,0.9807,0.9987,0.9886,0.9975,0.9804,0.9975,0.9884,0.9915,0.9799,0.9915,0.9799,0.9915,0.9799,extra_trees,extra_trees,extra_trees,DeepLearning,DeepLearning,DeepLearning,MLPClassifier,MLPClassifier,MLPClassifier,WeightedEnsemble_L2,WeightedEnsemble_L2,WeightedEnsemble_L2
108,1014,Desktop,5,797,0.5554,0.5447,0.5554,0.5447,0.5554,0.5447,0.6299,0.4963,0.7291,0.473,0.8253,0.5024,0.6218,0.4956,0.6218,0.4956,0.6218,0.4956,0.6293,0.4792,0.6293,0.4792,0.6293,0.4792,ada_boost,ada_boost,ada_boost,XGBoost,DeepLearning,DeepLearning,XGBClassifier,XGBClassifier,XGBClassifier,WeightedEnsemble_L2,WeightedEnsemble_L2,WeightedEnsemble_L2
109,947,Desktop,5,559,0.9042,0.869,0.9042,0.869,0.9042,0.869,1.0,0.9023,1.0,0.9613,0.9993,0.9484,0.9695,0.8582,0.9991,0.942,0.9991,0.942,0.9095,0.8142,0.9095,0.8142,0.9095,0.8142,gradient_boosting,gradient_boosting,gradient_boosting,GBM,GBM,GBM,GradientBoostingClassifier,ExtraTreesClassifier,ExtraTreesClassifier,LightGBMLarge,LightGBMLarge,LightGBMLarge
110,841,Desktop,10,950,0.9938,0.9996,0.9938,0.9996,0.9938,0.9996,1.0,0.9997,1.0,0.9992,0.9994,0.9973,0.9995,0.9992,1.0,0.9994,1.0,0.9999,0.998,0.9992,0.998,0.9992,0.998,0.9992,random_forest,random_forest,random_forest,DRF,GBM,DeepLearning,ExtraTreesClassifier,RandomForestClassifier,RandomForestClassifier,WeightedEnsemble_L2,WeightedEnsemble_L2,WeightedEnsemble_L2
111,1005,Desktop,10,214,0.8808,0.8948,0.9027,0.9088,0.9027,0.9088,0.9968,0.8822,0.9993,0.8752,0.9991,0.8233,1.0,0.925,1.0,0.925,1.0,0.9229,0.9307,0.8612,0.9307,0.8612,0.9307,0.8612,random_forest,extra_trees,extra_trees,GBM,GBM,GBM,ExtraTreesClassifier,ExtraTreesClassifier,ExtraTreesClassifier,NeuralNetTorch,NeuralNetTorch,NeuralNetTorch
112,950,Desktop,5,559,0.9252,0.9988,0.9252,0.9988,0.9252,0.9988,0.9256,0.8955,0.9265,0.8993,0.9544,0.9502,1.0,0.9975,0.9991,0.9925,1.0,0.9938,1.0,0.9975,1.0,0.9975,1.0,0.9975,bagging,bagging,bagging,GBM,GBM,GBM,ExtraTreesClassifier,ExtraTreesClassifier,ExtraTreesClassifier,CatBoost,CatBoost,CatBoost
113,907,Desktop,8,400,0.5073,0.4803,0.5073,0.4803,0.5073,0.4803,0.9235,0.6308,0.9463,0.5302,0.6034,0.5032,0.635,0.503,0.6436,0.4777,0.6384,0.3887,0.6433,0.5821,0.6433,0.5821,0.6433,0.5821,bagging,bagging,bagging,DeepLearning,DeepLearning,DeepLearning,DecisionTreeClassifier,DecisionTreeClassifier,DecisionTreeClassifier,WeightedEnsemble_L2,WeightedEnsemble_L2,WeightedEnsemble_L2
114,874,Desktop,6,50,1.0,0.9545,1.0,0.9545,1.0,0.9545,1.0,1.0,1.0,1.0,1.0,1.0,1.0,0.9545,1.0,0.9545,1.0,0.9545,1.0,1.0,1.0,1.0,1.0,1.0,gradient_boosting,gradient_boosting,gradient_boosting,GBM,GBM,DeepLearning,DecisionTreeClassifier,DecisionTreeClassifier,DecisionTreeClassifier,CatBoost,CatBoost,CatBoost
115,750,Desktop,8,500,0.6023,0.7786,0.6023,0.7786,0.6023,0.7786,0.611,0.6168,0.5689,0.5699,0.9883,0.6228,1.0,0.6808,1.0,0.6338,1.0,0.6777,0.7037,0.6636,0.7037,0.6636,0.7037,0.6636,random_forest,random_forest,random_forest,GBM,DeepLearning,GBM,GradientBoostingClassifier,GradientBoostingClassifier,GradientBoostingClassifier,WeightedEnsemble_L2,WeightedEnsemble_L2,WeightedEnsemble_L2
116,848,Desktop,6,38,0.898,0.7619,0.898,0.7619,0.898,0.7619,1.0,0.7143,1.0,0.7619,1.0,0.7381,1.0,0.7619,1.0,0.2857,1.0,0.2857,1.0,0.6429,1.0,0.6429,1.0,0.6429,ada_boost,ada_boost,ada_boost,GBM,GBM,GBM,KNeighborsClassifier,KNeighborsClassifier,KNeighborsClassifier,KNeighborsDist,KNeighborsDist,KNeighborsDist
117,1049,NYU,38,1458,0.9381,0.9435,0.9381,0.9435,0.9381,0.9435,0.9977,0.9301,0.9958,0.9305,0.9896,0.9389,0.9928,0.9444,0.9973,0.9497,0.9917,0.9201,0.9676,0.951,0.9676,0.951,0.9676,0.951,gradient_boosting,gradient_boosting,gradient_boosting,XGBoost,RandomForestClassifier,XGBoost,XGBoost,GradientBoostingClassifier,RandomForestClassifier,WeightedEnsemble_L2,WeightedEnsemble_L2,WeightedEnsemble_L2
118,847,NYU,15,6574,0.943,0.9336,0.943,0.9336,0.943,0.9336,0.9885,0.9342,0.9541,0.937,0.9558,0.9378,0.9988,0.9337,0.9542,0.9326,0.9522,0.9351,0.9621,0.9387,0.9621,0.9387,0.9621,0.9387,logistic_regression,logistic_regression,logistic_regression,GBM,ExtraTreesClassifier,DeepLearning,DeepLearning,XGBClassifier,XGBClassifier,WeightedEnsemble_L2,WeightedEnsemble_L2,WeightedEnsemble_L2
119,316,NYU,117,2417,0.8581,0.9503,0.8581,0.9503,0.8581,0.9503,0.9968,0.9095,0.9999,0.7864,0.9798,0.9028,0.9833,0.9341,0.9467,0.9233,0.9467,0.9233,0.9782,0.903,0.9782,0.903,0.9782,0.903,extra_trees,extra_trees,extra_trees,DeepLearning,ExtraTreesClassifier,GBM,DeepLearning,ExtraTreesClassifier,ExtraTreesClassifier,WeightedEnsemble_L2,WeightedEnsemble_L2,WeightedEnsemble_L2
120,910,NYU,11,1000,0.9734,0.981,0.9734,0.981,0.9734,0.981,0.9966,0.9751,0.9999,0.9781,0.9998,0.9836,1.0,0.973,0.9997,0.9863,0.9997,0.9863,0.9834,0.9809,0.9834,0.9809,0.9834,0.9809,gradient_boosting,gradient_boosting,gradient_boosting,XGBoost,XGBClassifier,GBM,XGBoost,ExtraTreesClassifier,ExtraTreesClassifier,WeightedEnsemble_L2,WeightedEnsemble_L2,WeightedEnsemble_L2
121,904,NYU,51,1000,0.9394,0.9653,0.9394,0.9653,0.9394,0.9653,0.9996,0.9618,0.9999,0.9619,0.9999,0.9587,0.995,0.9568,1.0,0.9488,0.9998,0.9619,0.9586,0.9628,0.9586,0.9628,0.9586,0.9628,gradient_boosting,gradient_boosting,gradient_boosting,XGBoost,ExtraTreesClassifier,GBM,XGBoost,GradientBoostingClassifier,ExtraTreesClassifier,WeightedEnsemble_L2,WeightedEnsemble_L2,WeightedEnsemble_L2
122,930,NYU,34,1302,0.8049,0.8502,0.8049,0.8502,0.8049,0.8502,0.8606,0.8332,0.9215,0.8325,0.9221,0.8381,0.9086,0.849,0.9815,0.8585,0.9815,0.8585,0.8582,0.8546,0.8582,0.8546,0.8582,0.8546,random_forest,random_forest,random_forest,DeepLearning,ExtraTreesClassifier,DeepLearning,DeepLearning,ExtraTreesClassifier,ExtraTreesClassifier,WeightedEnsemble_L2,WeightedEnsemble_L2,WeightedEnsemble_L2
123,958,NYU,20,2310,1.0,0.9998,1.0,0.9998,1.0,0.9998,1.0,0.9987,1.0,0.9987,1.0,0.9972,1.0,0.9997,1.0,0.9997,1.0,0.9997,1.0,0.9999,1.0,0.9999,1.0,0.9999,extra_trees,extra_trees,extra_trees,XGBoost,RandomForestClassifier,GBM,GBM,RandomForestClassifier,RandomForestClassifier,NeuralNetTorch,NeuralNetTorch,NeuralNetTorch
124,1019,NYU,17,10992,0.9998,0.9998,0.9998,0.9998,0.9998,0.9998,0.9995,0.9985,1.0,0.9997,1.0,0.9991,1.0,0.9981,1.0,0.998,1.0,0.998,1.0,0.9997,1.0,0.9997,1.0,0.9997,mlp,mlp,mlp,GLM,KNeighborsClassifier,XGBoost,GBM,KNeighborsClassifier,KNeighborsClassifier,NeuralNetTorch,NeuralNetTorch,NeuralNetTorch
125,723,NYU,26,1000,0.9558,0.9662,0.9558,0.9662,0.9558,0.9662,0.9986,0.9636,0.9991,0.9662,0.9999,0.9653,1.0,0.9763,1.0,0.9785,1.0,0.9785,0.9703,0.9602,0.9703,0.9602,0.9703,0.9602,gradient_boosting,gradient_boosting,gradient_boosting,GBM,ExtraTreesClassifier,GBM,GBM,ExtraTreesClassifier,ExtraTreesClassifier,WeightedEnsemble_L2,WeightedEnsemble_L2,WeightedEnsemble_L2
126,734,NYU,41,13750,0.9562,0.9559,0.9562,0.9559,0.9562,0.9559,0.987,0.9588,0.998,0.9589,0.9889,0.9602,0.9542,0.9523,0.9571,0.9532,0.9571,0.9532,0.9596,0.9599,0.9596,0.9599,0.9596,0.9599,gradient_boosting,gradient_boosting,gradient_boosting,XGBoost,LogisticRegression,GBM,XGBoost,LogisticRegression,LogisticRegression,WeightedEnsemble_L2,WeightedEnsemble_L2,WeightedEnsemble_L2
127,4154,NYU,31,14240,0.9586,0.8352,0.9586,0.8352,0.9586,0.8352,0.995,0.7065,0.9986,0.9137,0.9978,0.6775,0.9996,0.8413,0.9996,0.8146,0.9996,0.8146,1.0,0.6971,1.0,0.6971,1.0,0.6971,logistic_regression,logistic_regression,logistic_regression,XGBoost,ExtraTreesClassifier,DeepLearning,XGBoost,ExtraTreesClassifier,ExtraTreesClassifier,CatBoost,CatBoost,CatBoost
128,1056,NYU,39,9466,0.9387,0.8858,0.9387,0.8858,0.9387,0.8858,0.9947,0.8925,0.9975,0.7345,0.9624,0.8711,0.9984,0.894,0.9986,0.8942,0.9986,0.8942,0.9946,0.9173,0.9946,0.9173,0.9946,0.9173,ada_boost,ada_boost,ada_boost,GBM,ExtraTreesClassifier,GBM,DeepLearning,ExtraTreesClassifier,ExtraTreesClassifier,WeightedEnsemble_L2,WeightedEnsemble_L2,WeightedEnsemble_L2
129,1002,NYU,56,7485,0.8469,0.863,0.8469,0.863,0.8469,0.863,0.9086,0.8657,0.9124,0.8721,0.8872,0.8639,0.9136,0.8753,0.9144,0.8741,0.9144,0.8741,0.8622,0.8754,0.8622,0.8754,0.8622,0.8754,ada_boost,ada_boost,ada_boost,XGBoost,ExtraTreesClassifier,GBM,XGBoost,ExtraTreesClassifier,ExtraTreesClassifier,WeightedEnsemble_L2,WeightedEnsemble_L2,WeightedEnsemble_L2
130,845,NYU,11,1000,0.9522,0.9437,0.9522,0.9437,0.9522,0.9437,0.993,0.9454,0.9998,0.9475,0.9988,0.9373,0.9988,0.9594,1.0,0.958,0.9994,0.9698,0.9753,0.9582,0.9753,0.9582,0.9753,0.9582,mlp,mlp,mlp,GBM,GradientBoostingClassifier,GBM,XGBoost,GradientBoostingClassifier,GradientBoostingClassifier,WeightedEnsemble_L2,WeightedEnsemble_L2,WeightedEnsemble_L2
131,1020,NYU,65,2000,0.9979,0.9994,0.9979,0.9994,0.9979,0.9994,0.9993,0.9983,0.9983,0.9968,1.0,0.9992,1.0,0.9996,1.0,0.9999,1.0,0.9999,1.0,0.9997,1.0,0.9997,1.0,0.9997,random_forest,random_forest,random_forest,XGBoost,MLPClassifier,XGBoost,XGBoost,KNeighborsClassifier,KNeighborsClassifier,LightGBM,KNeighborsUnif,LightGBM
132,971,NYU,77,2000,1.0,1.0,1.0,1.0,1.0,1.0,1.0,0.9999,1.0,1.0,1.0,1.0,1.0,1.0,1.0,1.0,1.0,1.0,1.0,1.0,1.0,1.0,1.0,1.0,extra_trees,extra_trees,extra_trees,DeepLearning,KNeighborsClassifier,XGBoost,GBM,KNeighborsClassifier,KNeighborsClassifier,CatBoost,CatBoost,CatBoost
133,44,NYU,58,4601,0.9851,0.9886,0.9851,0.9886,0.9851,0.9886,0.9991,0.9898,0.9992,0.9875,0.9992,0.9896,0.9934,0.9843,0.9999,0.9886,1.0,0.9877,0.9897,0.9889,0.9897,0.9889,0.9897,0.9889,extra_trees,extra_trees,extra_trees,GBM,ExtraTreesClassifier,XGBoost,GBM,ExtraTreesClassifier,ExtraTreesClassifier,WeightedEnsemble_L2,WeightedEnsemble_L2,WeightedEnsemble_L2
134,979,NYU,41,5000,0.9599,0.9654,0.9599,0.9654,0.9599,0.9654,0.9994,0.9579,0.9989,0.9554,0.9994,0.9608,1.0,0.9667,1.0,0.9667,1.0,0.9667,0.9758,0.965,0.9758,0.965,0.9758,0.965,extra_trees,extra_trees,extra_trees,GBM,KNeighborsClassifier,GBM,XGBoost,KNeighborsClassifier,KNeighborsClassifier,WeightedEnsemble_L2,WeightedEnsemble_L2,WeightedEnsemble_L2
135,718,NYU,101,1000,0.961,0.9309,0.961,0.9309,0.961,0.9309,0.9984,0.9359,0.9996,0.9537,0.9998,0.9291,0.9999,0.9607,0.9981,0.964,0.9958,0.9645,0.9895,0.9379,0.9895,0.9379,0.9895,0.9379,bagging,bagging,bagging,XGBoost,ExtraTreesClassifier,XGBoost,GBM,ExtraTreesClassifier,ExtraTreesClassifier,WeightedEnsemble_L2,WeightedEnsemble_L2,WeightedEnsemble_L2
136,715,NYU,26,1000,0.9707,0.9672,0.9707,0.9672,0.9707,0.9672,0.9998,0.9678,1.0,0.9716,1.0,0.9699,0.9979,0.977,0.9999,0.9712,0.9991,0.9792,0.9875,0.9745,0.9875,0.9745,0.9875,0.9745,gradient_boosting,gradient_boosting,gradient_boosting,XGBoost,ExtraTreesClassifier,GBM,XGBoost,GradientBoostingClassifier,ExtraTreesClassifier,WeightedEnsemble_L2,WeightedEnsemble_L2,WeightedEnsemble_L2
137,761,NYU,22,8192,0.9817,0.9821,0.9817,0.9821,0.9817,0.9821,0.9974,0.9834,0.9966,0.9828,0.9939,0.9822,0.996,0.9821,1.0,0.9833,0.9994,0.9832,0.986,0.9854,0.986,0.9854,0.986,0.9854,gradient_boosting,gradient_boosting,gradient_boosting,XGBoost,ExtraTreesClassifier,XGBoost,XGBoost,ExtraTreesClassifier,ExtraTreesClassifier,WeightedEnsemble_L2,WeightedEnsemble_L2,WeightedEnsemble_L2
138,1453,NYU,38,1077,0.8137,0.8574,0.8137,0.8574,0.8137,0.8574,0.9974,0.7617,0.9726,0.7605,0.9913,0.7978,0.9857,0.8439,0.9889,0.865,0.9889,0.865,0.8369,0.8397,0.8369,0.8397,0.8369,0.8397,extra_trees,extra_trees,extra_trees,DeepLearning,ExtraTreesClassifier,DeepLearning,DeepLearning,ExtraTreesClassifier,ExtraTreesClassifier,WeightedEnsemble_L2,WeightedEnsemble_L2,WeightedEnsemble_L2
139,821,NYU,17,22784,0.9473,0.9544,0.9483,0.9532,0.9483,0.9532,0.9841,0.9578,0.9889,0.958,0.9852,0.9569,0.923,0.9233,0.9406,0.9401,0.938,0.9374,0.9599,0.9608,0.9599,0.9608,0.9599,0.9608,random_forest,mlp,mlp,GBM,GradientBoostingClassifier,GBM,GBM,GradientBoostingClassifier,GradientBoostingClassifier,WeightedEnsemble_L2,WeightedEnsemble_L2,WeightedEnsemble_L2
140,31,NYU,21,1000,0.7937,0.7683,0.7937,0.7683,0.7937,0.7683,0.9899,0.7196,0.9948,0.7702,0.9927,0.7551,1.0,0.6367,0.9806,0.7861,0.9806,0.7861,0.8413,0.7633,0.8413,0.7633,0.8413,0.7633,gradient_boosting,gradient_boosting,gradient_boosting,DRF,ExtraTreesClassifier,GBM,XGBoost,ExtraTreesClassifier,ExtraTreesClassifier,WeightedEnsemble_L2,WeightedEnsemble_L2,WeightedEnsemble_L2
141,1504,NYU,34,1941,1.0,1.0,1.0,1.0,1.0,1.0,1.0,0.9994,1.0,1.0,1.0,1.0,1.0,1.0,1.0,1.0,1.0,1.0,1.0,1.0,1.0,1.0,1.0,1.0,gradient_boosting,gradient_boosting,gradient_boosting,GBM,DecisionTreeClassifier,GBM,XGBoost,DecisionTreeClassifier,DecisionTreeClassifier,CatBoost,CatBoost,CatBoost
142,849,NYU,26,1000,0.9511,0.9523,0.9511,0.9523,0.9511,0.9523,0.9987,0.9496,0.9998,0.9371,0.9992,0.9453,0.999,0.9496,0.993,0.9714,0.9929,0.9647,0.9657,0.9596,0.9657,0.9596,0.9657,0.9596,gradient_boosting,gradient_boosting,gradient_boosting,XGBoost,ExtraTreesClassifier,GBM,XGBoost,ExtraTreesClassifier,ExtraTreesClassifier,WeightedEnsemble_L2,WeightedEnsemble_L2,WeightedEnsemble_L2
143,1068,NYU,22,1109,0.8455,0.897,0.8455,0.897,0.8455,0.897,0.8769,0.7957,0.8304,0.7668,0.9056,0.8488,0.99,0.9081,0.9989,0.9137,0.9989,0.9137,0.87,0.8849,0.87,0.8849,0.87,0.8849,extra_trees,extra_trees,extra_trees,XGBoost,ExtraTreesClassifier,XGBoost,GBM,ExtraTreesClassifier,ExtraTreesClassifier,WeightedEnsemble_L2,WeightedEnsemble_L2,WeightedEnsemble_L2
144,1022,NYU,241,2000,0.999,0.9983,0.999,0.9983,0.999,0.9983,1.0,0.9956,1.0,0.9986,0.9998,0.9977,1.0,0.9998,1.0,0.9997,1.0,1.0,1.0,0.9997,1.0,0.9997,1.0,0.9997,random_forest,random_forest,random_forest,DeepLearning,KNeighborsClassifier,XGBoost,XGBoost,KNeighborsClassifier,ExtraTreesClassifier,CatBoost,CatBoost,CatBoost
145,981,NYU,69,10108,0.9484,0.9498,0.9484,0.9498,0.9484,0.9498,0.9915,0.9579,0.9929,0.9578,0.983,0.9586,0.9578,0.9473,0.9561,0.9398,0.9561,0.9398,0.9637,0.9603,0.9637,0.9603,0.9637,0.9603,bagging,bagging,bagging,GBM,DecisionTreeClassifier,GBM,GBM,DecisionTreeClassifier,DecisionTreeClassifier,WeightedEnsemble_L2,WeightedEnsemble_L2,WeightedEnsemble_L2
146,1487,NYU,73,2534,0.9165,0.919,0.9165,0.919,0.9165,0.919,0.9933,0.9389,0.9964,0.9406,0.9802,0.9249,1.0,0.9365,1.0,0.9439,1.0,0.9357,0.913,0.9444,0.913,0.9444,0.913,0.9444,extra_trees,extra_trees,extra_trees,XGBoost,ExtraTreesClassifier,GBM,DeepLearning,ExtraTreesClassifier,ExtraTreesClassifier,WeightedEnsemble_L2,WeightedEnsemble_L2,WeightedEnsemble_L2
147,1471,NYU,15,14980,0.9789,0.988,0.9789,0.988,0.9789,0.988,0.9998,0.9929,0.9998,0.993,0.9998,0.9942,1.0,0.9937,1.0,0.9967,1.0,0.9964,0.9969,0.9972,0.9986,0.9985,0.9986,0.9985,mlp,mlp,mlp,GBM,KNeighborsClassifier,GBM,GBM,KNeighborsClassifier,KNeighborsClassifier,WeightedEnsemble_L2,WeightedEnsemble_L2,WeightedEnsemble_L2
148,995,NYU,48,2000,0.9986,0.9998,0.9986,0.9998,0.9986,0.9998,0.9962,0.9968,0.9999,0.9985,0.999,0.9987,1.0,0.9994,1.0,0.9994,1.0,0.9994,1.0,0.9978,1.0,0.9978,1.0,0.9978,mlp,mlp,mlp,XGBoost,KNeighborsClassifier,XGBoost,XGBoost,KNeighborsClassifier,KNeighborsClassifier,NeuralNetTorch,NeuralNetTorch,NeuralNetTorch
149,143,NYU,17,131072,0.9951,0.9956,0.9951,0.9956,0.9951,0.9956,0.9967,0.9964,0.9966,0.9964,0.9966,0.9964,0.9923,0.993,0.9956,0.9952,0.9951,0.9952,0.9971,0.9965,0.9972,0.9964,0.9972,0.9964,gradient_boosting,gradient_boosting,gradient_boosting,GBM,LogisticRegression,XGBoost,XGBoost,SGDClassifier,LogisticRegression,WeightedEnsemble_L2,WeightedEnsemble_L2,WeightedEnsemble_L2
150,3,NYU,37,3196,0.9985,0.9995,0.9985,0.9995,0.9985,0.9995,1.0,0.9998,1.0,0.9999,1.0,0.9997,0.9998,0.9992,1.0,0.9998,1.0,0.9999,1.0,0.9999,1.0,0.9999,1.0,0.9999,random_forest,random_forest,random_forest,XGBoost,GradientBoostingClassifier,GBM,GBM,GradientBoostingClassifier,GradientBoostingClassifier,WeightedEnsemble_L2,WeightedEnsemble_L2,WeightedEnsemble_L2
151,1496,NYU,21,7400,0.9961,0.9965,0.9961,0.9965,0.9961,0.9965,0.9999,0.9968,1.0,0.9966,1.0,0.9966,0.9977,0.9976,0.9978,0.9977,0.9978,0.9977,0.9943,0.9968,0.9943,0.9968,0.9943,0.9968,extra_trees,extra_trees,extra_trees,GBM,GaussianNB,GBM,GBM,GaussianNB,GaussianNB,WeightedEnsemble_L2,WeightedEnsemble_L2,WeightedEnsemble_L2
152,1461,NYU,17,45211,0.9241,0.9257,0.9241,0.9257,0.9241,0.9257,0.9591,0.9322,0.967,0.9332,0.9756,0.9324,0.923,0.8982,0.9315,0.9024,0.9315,0.9024,0.9404,0.9366,0.9404,0.9366,0.9404,0.9366,gradient_boosting,gradient_boosting,gradient_boosting,GBM,GaussianNB,GBM,GBM,GaussianNB,GaussianNB,WeightedEnsemble_L2,WeightedEnsemble_L2,WeightedEnsemble_L2
153,751,NYU,11,1000,0.9629,0.9658,0.9629,0.9658,0.9629,0.9658,0.9994,0.9682,0.9976,0.9281,0.9981,0.941,0.9984,0.9663,1.0,0.9665,0.991,0.97,0.9822,0.9532,0.9822,0.9532,0.9822,0.9532,gradient_boosting,gradient_boosting,gradient_boosting,XGBoost,GradientBoostingClassifier,DeepLearning,DeepLearning,GradientBoostingClassifier,MLPClassifier,WeightedEnsemble_L2,WeightedEnsemble_L2,WeightedEnsemble_L2
154,1067,NYU,22,2109,0.8164,0.8264,0.8164,0.8264,0.8164,0.8264,0.9693,0.8016,0.9636,0.8182,0.9598,0.8056,0.979,0.8484,0.9906,0.8399,0.9906,0.8399,0.7992,0.826,0.7992,0.826,0.7992,0.826,bagging,bagging,bagging,GBM,ExtraTreesClassifier,GBM,GBM,ExtraTreesClassifier,ExtraTreesClassifier,WeightedEnsemble_L2,WeightedEnsemble_L2,WeightedEnsemble_L2
155,722,NYU,49,15000,0.9985,0.999,0.9985,0.999,0.9985,0.999,1.0,0.9995,1.0,0.9995,1.0,0.9996,0.9973,0.9929,0.9979,0.9939,0.9979,0.9939,0.9994,0.9997,0.9994,0.9997,0.9994,0.9997,random_forest,random_forest,random_forest,GBM,DecisionTreeClassifier,GBM,GBM,DecisionTreeClassifier,DecisionTreeClassifier,WeightedEnsemble_L2,WeightedEnsemble_L2,WeightedEnsemble_L2
156,802,NYU,19,1945,0.8737,0.8971,0.8737,0.8971,0.8737,0.8971,0.9993,0.9175,0.9983,0.9055,0.9993,0.9198,1.0,0.9137,1.0,0.9148,0.9998,0.9065,0.8875,0.9228,0.8875,0.9228,0.8875,0.9228,extra_trees,extra_trees,extra_trees,GBM,XGBClassifier,XGBoost,GBM,XGBClassifier,XGBClassifier,WeightedEnsemble_L2,WeightedEnsemble_L2,WeightedEnsemble_L2
157,1547,NYU,21,1000,0.7126,0.698,0.7126,0.698,0.7126,0.698,0.6902,0.6583,0.7524,0.7252,0.706,0.6823,0.8375,0.6523,0.928,0.6897,0.928,0.6897,0.6661,0.7274,0.6661,0.7274,0.6661,0.7274,bagging,bagging,bagging,XGBoost,DecisionTreeClassifier,XGBoost,XGBoost,RandomForestClassifier,RandomForestClassifier,WeightedEnsemble_L2,WeightedEnsemble_L2,WeightedEnsemble_L2
158,913,NYU,11,1000,0.9683,0.9872,0.9683,0.9872,0.9683,0.9872,0.9999,0.9928,1.0,0.9803,1.0,0.9847,1.0,0.9887,1.0,0.9888,1.0,0.9888,0.9963,0.9905,0.9963,0.9905,0.9963,0.9905,gradient_boosting,gradient_boosting,gradient_boosting,XGBoost,GradientBoostingClassifier,GBM,GBM,GradientBoostingClassifier,GradientBoostingClassifier,WeightedEnsemble_L2,WeightedEnsemble_L2,WeightedEnsemble_L2
159,976,NYU,15,9961,0.9994,0.9998,0.9994,0.9998,0.9994,0.9998,1.0,0.9995,0.9992,0.9988,0.9996,0.9995,1.0,0.9998,1.0,0.9999,1.0,1.0,0.9997,0.9999,0.9997,0.9999,0.9997,0.9999,extra_trees,extra_trees,extra_trees,GBM,ExtraTreesClassifier,DeepLearning,DeepLearning,ExtraTreesClassifier,ExtraTreesClassifier,WeightedEnsemble_L2,WeightedEnsemble_L2,WeightedEnsemble_L2
160,953,NYU,61,3190,0.9936,0.9915,0.9936,0.9915,0.9936,0.9915,0.9999,0.9881,0.9999,0.9897,0.9998,0.9899,1.0,0.9898,1.0,0.9897,0.9999,0.9894,0.9922,0.9908,0.9922,0.9908,0.9922,0.9908,extra_trees,extra_trees,extra_trees,XGBoost,ExtraTreesClassifier,XGBoost,XGBoost,ExtraTreesClassifier,ExtraTreesClassifier,WeightedEnsemble_L2,WeightedEnsemble_L2,WeightedEnsemble_L2
161,993,NYU,61,7019,0.993,0.9886,0.993,0.9886,0.993,0.9886,0.9998,0.9896,0.9998,0.99,0.9998,0.9904,0.9983,0.9893,0.998,0.9902,0.9974,0.9895,0.9941,0.9902,0.9941,0.9902,0.9941,0.9902,gradient_boosting,gradient_boosting,gradient_boosting,GBM,ExtraTreesClassifier,GBM,GBM,ExtraTreesClassifier,ExtraTreesClassifier,WeightedEnsemble_L2,WeightedEnsemble_L2,WeightedEnsemble_L2
162,752,NYU,33,8192,0.9571,0.9566,0.9571,0.9566,0.9571,0.9566,0.9985,0.9592,0.9988,0.9603,0.9988,0.961,0.9683,0.9496,0.9683,0.9496,0.9683,0.9496,0.9678,0.9691,0.9678,0.9691,0.9678,0.9691,gradient_boosting,gradient_boosting,gradient_boosting,GBM,GaussianNB,GBM,GBM,GaussianNB,GaussianNB,WeightedEnsemble_L2,WeightedEnsemble_L2,WeightedEnsemble_L2
163,1018,NYU,57,8844,0.8942,0.9003,0.8942,0.9003,0.8942,0.9003,0.9079,0.8999,0.9079,0.8999,0.9079,0.8999,0.9457,0.8985,0.9515,0.898,0.9515,0.898,0.9015,0.8989,0.9015,0.8989,0.9015,0.8989,ada_boost,ada_boost,ada_boost,GLM,RandomForestClassifier,GLM,GLM,RandomForestClassifier,RandomForestClassifier,WeightedEnsemble_L2,WeightedEnsemble_L2,WeightedEnsemble_L2
164,1050,NYU,38,1563,0.8425,0.8559,0.8425,0.8559,0.8425,0.8559,0.9871,0.8155,0.9539,0.8233,0.9766,0.849,0.9452,0.8425,0.9908,0.8572,0.9949,0.8457,0.85,0.8354,0.85,0.8354,0.85,0.8354,extra_trees,extra_trees,extra_trees,XGBoost,RandomForestClassifier,GBM,GBM,ExtraTreesClassifier,ExtraTreesClassifier,WeightedEnsemble_L2,WeightedEnsemble_L2,WeightedEnsemble_L2
165,797,NYU,51,1000,0.9586,0.9657,0.9586,0.9657,0.9586,0.9657,0.9994,0.9573,0.9997,0.9651,0.9996,0.949,1.0,0.9599,1.0,0.9656,1.0,0.9682,0.9779,0.9663,0.9779,0.9663,0.9779,0.9663,gradient_boosting,gradient_boosting,gradient_boosting,XGBoost,GradientBoostingClassifier,XGBoost,XGBoost,ExtraTreesClassifier,GradientBoostingClassifier,WeightedEnsemble_L2,WeightedEnsemble_L2,WeightedEnsemble_L2
166,806,NYU,51,1000,0.9589,0.9642,0.9589,0.9642,0.9589,0.9642,0.9999,0.964,0.9999,0.959,1.0,0.9502,1.0,0.975,1.0,0.9728,1.0,0.9557,0.9565,0.9563,0.9565,0.9563,0.9565,0.9563,gradient_boosting,gradient_boosting,gradient_boosting,GBM,ExtraTreesClassifier,XGBoost,XGBoost,ExtraTreesClassifier,GradientBoostingClassifier,WeightedEnsemble_L2,WeightedEnsemble_L2,WeightedEnsemble_L2
167,866,NYU,51,1000,0.9631,0.9759,0.9631,0.9759,0.9631,0.9759,0.9977,0.9719,0.9993,0.9623,0.9985,0.9647,0.9997,0.9789,1.0,0.9713,0.9991,0.9851,0.9671,0.9657,0.9671,0.9657,0.9671,0.9657,gradient_boosting,gradient_boosting,gradient_boosting,GBM,ExtraTreesClassifier,XGBoost,XGBoost,ExtraTreesClassifier,ExtraTreesClassifier,WeightedEnsemble_L2,WeightedEnsemble_L2,WeightedEnsemble_L2
168,837,NYU,51,1000,0.9703,0.9779,0.9703,0.9779,0.9703,0.9779,1.0,0.9749,1.0,0.9813,1.0,0.9794,1.0,0.9812,1.0,0.9792,1.0,0.9853,0.984,0.9804,0.984,0.9804,0.984,0.9804,gradient_boosting,gradient_boosting,gradient_boosting,GBM,GradientBoostingClassifier,GBM,XGBoost,ExtraTreesClassifier,GradientBoostingClassifier,WeightedEnsemble_L2,WeightedEnsemble_L2,WeightedEnsemble_L2
169,897,NYU,16,1161,0.9996,0.9994,0.9996,0.9994,0.9996,0.9994,1.0,0.999,1.0,0.9981,1.0,0.9969,1.0,0.999,1.0,0.9999,1.0,0.9999,1.0,0.9987,1.0,0.9987,1.0,0.9987,logistic_regression,logistic_regression,logistic_regression,GBM,XGBClassifier,GBM,GBM,XGBClassifier,XGBClassifier,WeightedEnsemble_L2,WeightedEnsemble_L2,WeightedEnsemble_L2
170,903,NYU,26,1000,0.978,0.967,0.978,0.967,0.978,0.967,0.9989,0.9629,0.9997,0.9629,0.9998,0.9638,0.9993,0.978,1.0,0.9756,1.0,0.9756,0.9767,0.9609,0.9767,0.9609,0.9767,0.9609,gradient_boosting,gradient_boosting,gradient_boosting,XGBoost,ExtraTreesClassifier,XGBoost,XGBoost,ExtraTreesClassifier,ExtraTreesClassifier,XGBoost,XGBoost,XGBoost
171,1494,NYU,42,1055,0.9233,0.9347,0.9233,0.9347,0.9233,0.9347,0.9976,0.9202,0.9753,0.9024,0.9931,0.929,0.9974,0.9385,0.9911,0.9345,0.9924,0.9309,0.9306,0.9309,0.9306,0.9309,0.9306,0.9309,random_forest,random_forest,random_forest,GBM,ExtraTreesClassifier,XGBoost,GBM,LogisticRegression,LogisticRegression,WeightedEnsemble_L2,WeightedEnsemble_L2,WeightedEnsemble_L2
172,917,NYU,26,1000,0.9646,0.9749,0.9646,0.9749,0.9646,0.9749,0.9999,0.9767,0.9999,0.9808,1.0,0.9771,0.9978,0.9697,0.9995,0.9784,0.9995,0.9784,0.982,0.9785,0.982,0.9785,0.982,0.9785,gradient_boosting,gradient_boosting,gradient_boosting,GBM,GradientBoostingClassifier,GBM,GBM,GradientBoostingClassifier,GradientBoostingClassifier,WeightedEnsemble_L2,WeightedEnsemble_L2,WeightedEnsemble_L2
173,983,NYU,10,1473,0.7576,0.7871,0.7576,0.7871,0.7576,0.7871,0.8563,0.7879,0.9205,0.7632,0.9455,0.775,0.8684,0.7875,0.8306,0.7917,0.8334,0.7883,0.7925,0.7934,0.7925,0.7934,0.7925,0.7934,gradient_boosting,gradient_boosting,gradient_boosting,GBM,RandomForestClassifier,GBM,GBM,XGBClassifier,XGBClassifier,WeightedEnsemble_L2,WeightedEnsemble_L2,WeightedEnsemble_L2
174,977,NYU,17,20000,0.9998,0.9998,0.9998,0.9998,0.9998,0.9998,1.0,0.9999,1.0,0.9999,1.0,0.9999,0.9996,0.9993,1.0,1.0,1.0,1.0,1.0,1.0,1.0,1.0,1.0,1.0,mlp,mlp,mlp,GBM,LogisticRegression,GBM,GBM,KNeighborsClassifier,KNeighborsClassifier,WeightedEnsemble_L2,WeightedEnsemble_L2,WeightedEnsemble_L2
175,1021,NYU,11,5473,0.9909,0.9921,0.9909,0.9921,0.9909,0.9921,0.9963,0.9923,0.9986,0.9938,0.995,0.9915,0.9976,0.994,0.9994,0.9944,0.9994,0.9944,0.9942,0.9956,0.9942,0.9956,0.9942,0.9956,gradient_boosting,gradient_boosting,gradient_boosting,GBM,ExtraTreesClassifier,GBM,XGBoost,ExtraTreesClassifier,ExtraTreesClassifier,WeightedEnsemble_L2,WeightedEnsemble_L2,WeightedEnsemble_L2
176,980,NYU,65,5620,0.9983,0.9997,0.9983,0.9997,0.9983,0.9997,0.9998,0.9973,0.9999,0.9993,0.9999,0.9991,1.0,0.9999,1.0,0.9999,1.0,0.9999,1.0,0.9999,1.0,0.9999,1.0,0.9999,extra_trees,extra_trees,extra_trees,XGBoost,KNeighborsClassifier,GBM,GBM,KNeighborsClassifier,KNeighborsClassifier,LightGBMXT,LightGBMXT,LightGBMXT
